{
  "preset": "Default",
  "remembered": {
    "Default": {
      "0": {
        "x": -2933.000087738037,
        "y": 0,
        "z": 5382.999658584595
      },
      "1": {
        "x": 0,
        "y": 0,
        "z": 0
      },
      "2": {
        "intensity": 1
      },
      "3": {
        "y": -1000
      }
    },
    "Woo": {
      "0": {
        "x": 4033.9996814727783,
        "y": -516.9999599456787,
        "z": 5282.999753952026
      },
      "1": {
        "x": 0,
        "y": 0,
        "z": 1
      },
      "2": {
        "intensity": 1
      },
      "3": {
        "y": -589.7466827503016
      }
    },
    "Moooo!": {
      "0": {
        "x": -5067.000150680542,
        "y": -500,
        "z": 5316.999673843384
      },
      "1": {
        "x": 0,
        "y": 0,
        "z": 0
      },
      "2": {
        "intensity": 1
      },
      "3": {
        "y": -1000
      }
    }
  },
  "closed": false,
  "folders": {
    "camera": {
      "preset": "Default",
      "closed": false,
      "folders": {}
    },
    "light": {
      "preset": "Default",
      "closed": true,
      "folders": {}
    },
    "water": {
      "preset": "Default",
      "closed": false,
      "folders": {}
    }
  }
}